,Name,Address,Contact,Email Address
0,Nins,Adelaida,9199910343,francisrellin@gmail.com
1,1Nins,Adelaida,9199910343,francisrellin@gmail.com
2,2Nins,Adelaida,9199910343,francisrellin@gmail.com
3,3Nins,Adelaida,9199910343,francisrellin@gmail.com
4,4Nins,Adelaida,9199910343,francisrellin@gmail.com
5,5Nins,Adelaida,9199910343,francisrellin@gmail.com
6,akhjasf,kajfhkajsf,jkasfhjakfs,kajfhakjsf
7,kjasgfhasf,fkasfhashfjas,asfgsajhgfas,ksahfkasjhfa
8,asmhfgamhsfgasf,asfhgfjaghfas,hjasfgjasgfhjgsaf,jagsfjhhasgf
